user_id,name,current_skills,learning_skills,skill_levels,career_goal,bio,can_teach,private_chat,public_reply,neuroticism,extraversion,openness,agreeableness,conscientiousness
U001,Rahul,"Python, Machine Learning, Pandas","Computer Vision, Deep Learning","Python:4, Machine Learning:3, Pandas:4",AI Engineer,Interested in practical AI and computer vision.,"Python, Pandas",1,1,33.0,0.5,39.0,45.0,51.0
U002,Priya,"Python, Computer Vision, OpenCV, Deep Learning","MLOps, Cloud","Python:5, Computer Vision:5, OpenCV:5, Deep Learning:4",Computer Vision Engineer,Computer vision enthusiast.,"Computer Vision, OpenCV, Deep Learning",1,1,50.0,0.5,31.0,59.0,39.0
U003,Aditya,"Java, Spring Boot, SQL","Python, Machine Learning","Java:5, Spring Boot:4, SQL:4",Software Engineer,Backend developer looking to enter AI.,"Java, SQL",1,0,38.0,0.5,42.0,39.0,49.0
U004,Neha,"Python, Statistics, Machine Learning, SQL","Deep Learning, NLP","Python:4, Statistics:5, Machine Learning:4, SQL:4",Data Scientist,Interested in data science and ML.,"Statistics, Machine Learning, SQL",1,1,41.0,0.5,30.0,40.0,19.0
U005,Arjun,"Python, TensorFlow, Deep Learning, CNN","Computer Vision, OpenCV","Python:5, TensorFlow:4, Deep Learning:4, CNN:4",Machine Learning Engineer,Interested in deep learning and practical AI systems.,"Python, TensorFlow, Deep Learning, CNN",1,1,20.0,0.5,21.0,31.0,26.0
U006,Simran,"Python, Pandas, NumPy, Statistics, SQL","Machine Learning, Deep Learning","Python:4, Pandas:5, NumPy:4, Statistics:5, SQL:4",Data Scientist,Data science learner focused on analytics and statistics.,"Pandas, NumPy, Statistics, SQL",1,1,50.0,0.5,21.0,47.0,27.0
U007,Karan,"Java, Spring Boot, REST API, MySQL, Docker","AWS, Kubernetes, DevOps","Java:5, Spring Boot:5, REST API:4, MySQL:4, Docker:4",Backend Engineer,Backend developer interested in scalable systems.,"Java, Spring Boot, REST API, MySQL",1,0,26.0,0.5,49.0,48.0,60.0
U008,Ananya,"JavaScript, React, HTML, CSS, Node.js","TypeScript, Next.js, UI UX","JavaScript:5, React:5, HTML:5, CSS:4, Node.js:4",Frontend Engineer,Frontend developer who enjoys building user-focused applications.,"JavaScript, React, HTML, CSS, Node.js",1,1,33.0,0.5,28.0,24.0,43.0
U009,Vikram,"Python, NLP, Transformers, Hugging Face, Machine Learning","LLMs, Generative AI, RAG","Python:5, NLP:5, Transformers:4, Hugging Face:4, Machine Learning:4",NLP Engineer,Working on NLP and modern language models.,"Python, NLP, Transformers, Hugging Face",1,1,31.0,0.5,49.0,43.0,56.0
U010,Mehak,"SQL, Excel, Power BI, Tableau, Statistics","Python, Data Science, Machine Learning","SQL:5, Excel:5, Power BI:5, Tableau:4, Statistics:4",Data Analyst,Analytics enthusiast interested in turning data into decisions.,"SQL, Excel, Power BI, Tableau, Statistics",1,1,58.0,0.5,64.0,42.0,28.0
U011,Rohan,"C++, Data Structures, Algorithms, Competitive Programming","Machine Learning, Python","C++:5, Data Structures:5, Algorithms:5, Competitive Programming:5",Software Engineer,Competitive programmer interested in moving toward AI.,"C++, Data Structures, Algorithms, Competitive Programming",1,1,21.0,0.5,46.0,46.0,57.0
U012,Ishita,"Python, AWS, Docker, Kubernetes, Linux","MLOps, Machine Learning","Python:4, AWS:5, Docker:5, Kubernetes:4, Linux:5",Cloud Engineer,Cloud and DevOps enthusiast exploring machine learning systems.,"AWS, Docker, Kubernetes, Linux",1,1,47.0,0.5,32.0,42.0,57.0
U013,Dev,"Python, OpenCV, Computer Vision, YOLO, Image Processing","Robotics, ROS, Reinforcement Learning","Python:5, OpenCV:5, Computer Vision:5, YOLO:4, Image Processing:5",Computer Vision Engineer,Computer vision developer interested in autonomous robotics.,"Python, OpenCV, Computer Vision, YOLO, Image Processing",1,1,33.0,0.5,40.0,43.0,55.0
U014,Aditi,"Python, Machine Learning, Scikit Learn, Pandas, Matplotlib","Deep Learning, Computer Vision, NLP","Python:5, Machine Learning:4, Scikit Learn:5, Pandas:5, Matplotlib:4",AI Engineer,AI learner building end-to-end machine learning projects.,"Python, Machine Learning, Scikit Learn, Pandas, Matplotlib",1,1,31.0,0.5,53.0,52.0,64.0
